{
  "i18n/i18n.properties": 1741923454765,
  "controller/App.controller.js": 1739296858601,
  "model/configFile.json": 1741275400902,
  "model/Template.json": 1740604685222,
  "controller/timesheet_view.controller.js": 1741938447802,
  "model/models.js": 1739296858597,
  "manifest.json": 1741938495494,
  "Component.js": 1739296858589,
  "controller/App-dbg.controller.js": 1739296858601,
  "controller/App.controller.js.map": 1741938495702,
  "controller/timesheet_view-dbg.controller.js": 1741938447802,
  "controller/timesheet_view.controller.js.map": 1741938495866,
  "model/models-dbg.js": 1739296858597,
  "model/models.js.map": 1741938495677,
  "Component-dbg.js": 1739296858589,
  "Component.js.map": 1741938495697,
  "Component-preload.js": 1741938496024,
  "Component-preload.js.map": 1741938496024,
  "view/timesheet_view.view.xml": 1741923515337,
  "view/WbsVH.fragment.xml": 1739455438813,
  "view/WbsAllVH.fragment.xml": 1741845722410,
  "view/Settings.fragment.xml": 1741758504036,
  "view/SaveTemplate.fragment.xml": 1741256644330,
  "view/MessageManager.fragment.xml": 1739635062220,
  "view/MessageBox.fragment.xml": 1739628449979,
  "view/GetTemplates.fragment.xml": 1741178103929,
  "view/App.view.xml": 1739296858601,
  "view/AddTimesheetEntries.fragment.xml": 1741924012664,
  "css/style.css": 1739296858601,
  "index.html": 1739296858593
}