{
  "controller/App-dbg.controller.js": 1739296858601,
  "model/configFile.json": 1741275400902,
  "model/models.js": 1739296858597,
  "model/Template.json": 1740604685222,
  "controller/timesheet_view.controller.js": 1742846214570,
  "controller/App.controller.js": 1739296858601,
  "manifest.json": 1742846329844,
  "Component.js": 1739296858589,
  "model/models-dbg.js": 1739296858597,
  "model/models.js.map": 1742846330048,
  "controller/timesheet_view-dbg.controller.js": 1742846214570,
  "controller/timesheet_view.controller.js.map": 1742846330353,
  "i18n/i18n.properties": 1742734305951,
  "controller/App.controller.js.map": 1742846330087,
  "Component-dbg.js": 1739296858589,
  "Component.js.map": 1742846330048,
  "Component-preload.js": 1742846330513,
  "Component-preload.js.map": 1742846330513,
  "view/timesheet_view.view.xml": 1741923515337,
  "view/WbsVH.fragment.xml": 1739455438813,
  "view/WbsAllVH.fragment.xml": 1741845722410,
  "view/Settings.fragment.xml": 1741758504036,
  "view/SaveTemplate.fragment.xml": 1741256644330,
  "view/MessageManager.fragment.xml": 1739635062220,
  "view/MessageBox.fragment.xml": 1739628449979,
  "view/GetTemplates.fragment.xml": 1741178103929,
  "view/App.view.xml": 1739296858601,
  "view/AddTimesheetEntries.fragment.xml": 1741924012664,
  "css/style.css": 1739296858601,
  "index.html": 1739296858593
}