{
  "model/models.js.map": 1741853280013,
  "controller/App.controller.js": 1739296858601,
  "controller/timesheet_view.controller.js": 1741853107078,
  "model/models.js": 1739296858597,
  "model/configFile.json": 1741275400902,
  "model/Template.json": 1740604685222,
  "manifest.json": 1741853279826,
  "Component.js": 1739296858589,
  "model/models-dbg.js": 1739296858597,
  "i18n/i18n.properties": 1741756274199,
  "controller/timesheet_view-dbg.controller.js": 1741853107078,
  "controller/timesheet_view.controller.js.map": 1741853280237,
  "controller/App-dbg.controller.js": 1739296858601,
  "controller/App.controller.js.map": 1741853280026,
  "Component-dbg.js": 1739296858589,
  "Component.js.map": 1741853280025,
  "Component-preload.js": 1741853280438,
  "Component-preload.js.map": 1741853280438,
  "view/timesheet_view.view.xml": 1741266347753,
  "view/WbsVH.fragment.xml": 1739455438813,
  "view/WbsAllVH.fragment.xml": 1741845722410,
  "view/Settings.fragment.xml": 1741758504036,
  "view/SaveTemplate.fragment.xml": 1741256644330,
  "view/MessageManager.fragment.xml": 1739635062220,
  "view/MessageBox.fragment.xml": 1739628449979,
  "view/GetTemplates.fragment.xml": 1741178103929,
  "view/App.view.xml": 1739296858601,
  "view/AddTimesheetEntries.fragment.xml": 1741770464593,
  "css/style.css": 1739296858601,
  "index.html": 1739296858593
}