{
  "controller/App.controller.js.map": 1740561948353,
  "controller/timesheet_view.controller.js": 1740558308302,
  "model/configFile.json": 1739458155978,
  "model/Template.json": 1739459355113,
  "model/models.js": 1739296858597,
  "controller/App.controller.js": 1739296858601,
  "manifest.json": 1740561948074,
  "Component.js": 1739296858589,
  "controller/App-dbg.controller.js": 1739296858601,
  "i18n/i18n.properties": 1739799215532,
  "model/models-dbg.js": 1739296858597,
  "model/models.js.map": 1740561948342,
  "controller/timesheet_view-dbg.controller.js": 1740558308302,
  "controller/timesheet_view.controller.js.map": 1740561948504,
  "Component-dbg.js": 1739296858589,
  "Component.js.map": 1740561948349,
  "Component-preload.js": 1740561948661,
  "Component-preload.js.map": 1740561948661,
  "view/timesheet_view.view.xml": 1740558771075,
  "view/WbsVH.fragment.xml": 1739455438813,
  "view/MessageManager.fragment.xml": 1739635062220,
  "view/MessageBox.fragment.xml": 1739628449979,
  "view/App.view.xml": 1739296858601,
  "view/AddTimesheetEntries.fragment.xml": 1740495845763,
  "css/style.css": 1739296858601,
  "index.html": 1739296858593
}