{
  "model/configFile.json": 1739458155978,
  "controller/timesheet_view.controller.js": 1740605045715,
  "i18n/i18n.properties": 1740597062567,
  "model/Template.json": 1740604685222,
  "model/models.js": 1739296858597,
  "controller/App.controller.js": 1739296858601,
  "manifest.json": 1740638990701,
  "Component.js": 1739296858589,
  "controller/App-dbg.controller.js": 1739296858601,
  "controller/App.controller.js.map": 1740638990879,
  "model/models-dbg.js": 1739296858597,
  "model/models.js.map": 1740638990885,
  "controller/timesheet_view-dbg.controller.js": 1740605045715,
  "controller/timesheet_view.controller.js.map": 1740638991097,
  "Component-dbg.js": 1739296858589,
  "Component.js.map": 1740638990891,
  "Component-preload.js": 1740638991273,
  "Component-preload.js.map": 1740638991273,
  "view/timesheet_view.view.xml": 1740558771075,
  "view/WbsVH.fragment.xml": 1739455438813,
  "view/SaveTemplate.fragment.xml": 1740597068551,
  "view/MessageManager.fragment.xml": 1739635062220,
  "view/MessageBox.fragment.xml": 1739628449979,
  "view/GetTemplates.fragment.xml": 1740591056431,
  "view/App.view.xml": 1739296858601,
  "view/AddTimesheetEntries.fragment.xml": 1740577106082,
  "css/style.css": 1739296858601,
  "index.html": 1739296858593
}