{
  "view/WbsVH.fragment.xml": 1739455438813,
  "manifest.json": 1740420616039,
  "model/configFile.json": 1739458155978,
  "model/Template.json": 1739459355113,
  "controller/timesheet_view.controller.js": 1739786615823,
  "controller/App.controller.js": 1739296858601,
  "model/models.js": 1739296858597,
  "Component.js": 1739296858589,
  "Component-dbg.js": 1739296858589,
  "Component.js.map": 1740420616270,
  "controller/App-dbg.controller.js": 1739296858601,
  "controller/App.controller.js.map": 1740420616263,
  "model/models-dbg.js": 1739296858597,
  "model/models.js.map": 1740420616269,
  "controller/timesheet_view-dbg.controller.js": 1739786615823,
  "controller/timesheet_view.controller.js.map": 1740420616444,
  "Component-preload.js": 1740420616583,
  "Component-preload.js.map": 1740420616583,
  "view/timesheet_view.view.xml": 1739436666228,
  "i18n/i18n.properties": 1739799215532,
  "view/MessageManager.fragment.xml": 1739635062220,
  "view/MessageBox.fragment.xml": 1739628449979,
  "view/App.view.xml": 1739296858601,
  "view/AddTimesheetEntries.fragment.xml": 1739460813199,
  "css/style.css": 1739296858601,
  "index.html": 1739296858593
}